URL,Title,Price,Sale,Saving,PDP_Title,PDP_Price,PDP_Sale,PDP_OldPrice,PDP_Saving,availability,usage,stock #,length,width,height,tilt bed,color,gvwr,payload capacity,style,trim color,length overall,PDP_new/used,PDP_availability,PDP_location,PDP_primary color,PDP_stock #,PDP_condition,PDP_gvwr,PDP_height,PDP_length,PDP_payload capacity,PDP_width,PDP_trim color,PDP_hitch type,PDP_number of axles,PDP_tilt bed,PDP_frame,PDP_usage
"('https://www.onestoptrailershop.com/inventory/2025-legend-trailers-8x16-premium-contractor-trailer-with-barn-doors-barrington-nh-03825-13382548i', None)",20258x16 Premium Contractor trailer with barn doorsLegend Trailers,"$16,999.00",True,"You Save $1,660.00",2025 Legend Trailers 8x16 Premium Contractor trailer with barn doors,"16,999.00",True,"Was $18,659.00","Save $1,660.00 now until 11/30/2026",In Stock,New,14660,16,8,7,,,,,,,,New,In Stock,One Stop Trailer Shop,White,14660,Excellent,9990,"7' 0""","16' 0""",7508,"8' 0""",,,,,,
"('https://www.onestoptrailershop.com/inventory/2025-nitro-2025-85x24-race-car-trailer-extra-height-blackout-with-spoiler-barrington-nh-03825-13382552i', None)",20252025 8.5x24 race car trailer extra height blackout with spoilerNitro,"$19,400.00",True,"You Save $2,500.00",2025 Nitro 2025 8.5x24 race car trailer extra height blackout with spoiler,"19,400.00",True,"Was $21,900.00","Save $2,500.00 now until 07/31/2026",In Stock,New,08670,24,8.5,7.5,,,,,,,,New,In Stock,One Stop Trailer Shop,Black,08670,Excellent,9990,"7' 6""","24' 0""",7840,"8' 6""",,,,,,
"('https://www.onestoptrailershop.com/inventory/2024-rance-aluminum-trailers-85x20-extra-height-9990lb-aluminum-enclosed-car-trailer-barrington-nh-03825-13382610i', None)",20248.5X20 EXTRA HEIGHT 9990LB ALUMINUM ENCLOSED CAR TRAILERRance Aluminum Trailers,"$15,999.00",True,"You Save $2,300.00",2024 Rance Aluminum Trailers 8.5X20 EXTRA HEIGHT 9990LB ALUMINUM ENCLOSED CAR TRAILER,"15,999.00",True,"Was $18,299.00","Save $2,300.00 now until 07/31/2026",In Stock,New,35855,20,8.5,7.5,,,,,,,,New,In Stock,One Stop Trailer Shop,Charcoal,35855,Excellent,9990,"7' 6""","20' 0""",7740,"8' 6""",,,,,,
"('https://www.onestoptrailershop.com/inventory/2026-wolverine-7x22-14000lb-gvwr-aluminum-equipment-trailer-with-barrington-nh-03825-13670342i', None)",20267x22 14000lb gvwr aluminum equipment trailer withWolverine,"$10,999.00",True,"You Save $1,500.00",2026 Wolverine 7x22 14000lb gvwr aluminum equipment trailer with,"10,999.00",True,"Was $12,499.00","Save $1,500.00 now until 11/30/2026",In Stock,New,58342,22 ft. 0 in.,7 ft. 0 in.,1 ft. 10 in.,,,,,,,,New,In Stock,One Stop Trailer Shop,silver,58342,Excellent,14000,"1' 10""","22' 0""",12240,"7' 0""",,,,,,
"('https://www.onestoptrailershop.com/inventory/2026-wolverine-7x26-14000lb-gvwr-flatbed-utility-equipment-trailer-aluminum-barrington-nh-03825-13670368i', None)","20267x26 14,000lb gvwr flatbed utility equipment trailer aluminumWolverine","$11,799.00",True,You Save $800.00,"2026 Wolverine 7x26 14,000lb gvwr flatbed utility equipment trailer aluminum","11,799.00",True,"Was $12,599.00",Save $800.00 now until 11/30/2026,In Stock,New,58341,26 ft. 0 in.,7 ft. 0 in.,1 ft. 10 in.,,,,,,,,New,In Stock,One Stop Trailer Shop,silver,58341,Excellent,14000,"1' 10""","26' 0""",12320,"7' 0""",,,,,,
"('https://www.onestoptrailershop.com/inventory/2026-echo-7x20-16000lb-gvwr-commercial-grade-equipment-trailer-barrington-nh-03825-13780608i', None)","20267x20 16,000lb gvwr commercial grade equipment trailerECHO","$8,799.00",False,,"2026 ECHO 7x20 16,000lb gvwr commercial grade equipment trailer","8,799.00",False,,,In Stock,New,00096,20 ft. 0 in.,7 ft. 0 in.,,No,,,,,,,New,In Stock,One Stop Trailer Shop,red,00096,Excellent,16100,,"20' 0""",13500,"7' 0""",red,A-Frame,2,No,Steel,
"('https://www.onestoptrailershop.com/inventory/2025-nitro-75x16-aluminum-cargo-trailer-extra-height-with-black-out-trim-package-barrington-nh-03825-13381983i', None)",20257.5x16 aluminum cargo trailer extra height with black out trim packageNitro,"$12,499.00",True,"You Save $1,200.00",2025 Nitro 7.5x16 aluminum cargo trailer extra height with black out trim package,"12,499.00",True,"Was $13,699.00","Save $1,200.00 now until 07/31/2026",In Stock,New,17924,16,7.5,7.5,,,,,,,,New,In Stock,One Stop Trailer Shop,Red,17924,Excellent,7000,"7' 6""","16' 0""",5100,"7' 6""",,,,,,
"('https://www.onestoptrailershop.com/inventory/2024-haul-about-5x8-cargo-trailer-barn-door-barrington-nh-03825-13382510i', None)",20245x8 cargo trailer barn doorHaul-About,"$3,699.00",False,,2024 Haul-About 5x8 cargo trailer barn door,"3,699.00",False,,,In Stock,New,13021,8,5,,,Silver,,,,,,New,In Stock,One Stop Trailer Shop,Silver,13021,Excellent,2990,,"8' 0""",,"5' 0""",,,,,,
"('https://www.onestoptrailershop.com/inventory/2025-covered-wagon-6x10-enclosed-cargo-trailer-silver-with-black-out-package-barrington-nh-03825-13668218i', None)",20256X10 ENCLOSED CARGO TRAILER SILVER WITH BLACK OUT PACKAGE,"$5,399.00",True,You Save $800.00,2025 Covered Wagon 6X10 ENCLOSED CARGO TRAILER SILVER WITH BLACK OUT PACKAGE,"5,399.00",True,"Was $6,199.00",Save $800.00 now until 11/30/2026,In Stock,New,03869,10,6,6.25,,,,,,,,New,In Stock,One Stop Trailer Shop,silver,03869,Excellent,2999,"6' 3""","10' 0""",1659,"6' 0""",,,,,,
"('https://www.onestoptrailershop.com/inventory/2025-anvil-trailers-85x18-extra-height-enclosed-carego-trailer-or-car-hauler-barrington-nh-03825-13669713i', None)",20258.5X18 EXTRA HEIGHT ENCLOSED CAREGO TRAILER OR CAR HAULERAnvil Trailers,"$9,999.00",True,"You Save $1,700.00",2025 Anvil Trailers 8.5X18 EXTRA HEIGHT ENCLOSED CAREGO TRAILER OR CAR HAULER,"9,999.00",True,"Was $11,699.00","Save $1,700.00 now until 11/30/2026",In Stock,New,39795,18,8.5,7.5,,,,,,,,New,In Stock,One Stop Trailer Shop,black,39795,Excellent,7000,"7' 6""","18' 0""",4300,"8' 6""",,,,,,
"('https://www.onestoptrailershop.com/inventory/2026-nitro-6x10-enclosed-cargo-trailers-flat-front-with-rear-ramp-side-door-aluminum-torsion-axle-barrington-nh-03825-13669778i', None)",20266x10 enclosed cargo trailers flat front with rear ramp & side door aluminum torsion axle,"$6,250.00",True,"You Save $1,013.00",2026 Nitro 6x10 enclosed cargo trailers flat front with rear ramp & side door aluminum torsion axle,"6,250.00",True,"Was $7,263.00","Save $1,013.00 now until 11/30/2026",In Stock,New,09535,10,6,6.25,,,,,,,,New,In Stock,One Stop Trailer Shop,pewter,09535,Excellent,2999,"6' 3""","10' 0""",2009,"6' 0""",,,,,,
"('https://www.onestoptrailershop.com/inventory/2026-nitro-6x10-enclosed-cargo-trailer-flat-fornt-with-rear-ramp-torsion-axle-barrington-nh-03825-13669781i', None)",20266X10 ENCLOSED CARGO TRAILER FLAT FORNT WITH REAR RAMP TORSION AXLE,"$6,250.00",True,"You Save $1,013.00",2026 Nitro 6X10 ENCLOSED CARGO TRAILER FLAT FORNT WITH REAR RAMP TORSION AXLE,"6,250.00",True,"Was $7,263.00","Save $1,013.00 now until 11/30/2026",In Stock,New,09536,10,6,6.25,,,,,,,,New,In Stock,One Stop Trailer Shop,charcoal,09536,Excellent,2999,"6' 3""","10' 0""",2009,"6' 0""",,,,,,
"('https://www.onestoptrailershop.com/inventory/2026-legend-trailers-7x16-extra-height-cargo-trailer-torsion-axles-with-black-out-trim-package-and-extra-height-barrington-nh-03825-13669819i', None)",20267x16 extra height cargo trailer torsion axles with black out trim package and extra height,"$9,399.00",True,You Save $850.00,2026 Legend Trailers 7x16 extra height cargo trailer torsion axles with black out trim package and extra height,"9,399.00",True,"Was $10,249.00",Save $850.00 now until 11/30/2026,In Stock,New,15824,,,,,black,7000,4553,,,,New,In Stock,One Stop Trailer Shop,black,15824,Excellent,7000,,,4553,,,,,,,
"('https://www.onestoptrailershop.com/inventory/2026-anvil-trailers-4x6-barn-door-enclosed-cargo-trailer-white-barrington-nh-03825-13669857i', None)",20264X6 Barn door enclosed cargo trailer whiteAnvil Trailers,"$2,799.00",True,You Save $700.00,2026 Anvil Trailers 4X6 Barn door enclosed cargo trailer white,"2,799.00",True,"Was $3,499.00",Save $700.00 now until 11/30/2026,In Stock,New,40627,6,4,4,,,,,,,,New,In Stock,One Stop Trailer Shop,white,40627,Excellent,2200,"4' 0""","6' 0""",1600,"4' 0""",,,,,,
"('https://www.onestoptrailershop.com/inventory/2026-covered-wagon-7x17-cargo-trailer-with-e-trac-extra-heght-barrington-nh-03825-13669870i', None)",20267X17 CARGO TRAILER WITH E TRAC EXTRA HEGHTCovered Wagon,"$8,250.00",True,You Save $949.00,2026 Covered Wagon 7X17 CARGO TRAILER WITH E TRAC EXTRA HEGHT,"8,250.00",True,"Was $9,199.00",Save $949.00 now until 11/30/2026,In Stock,New,106218,16,7,7,,,,,,,,New,In Stock,One Stop Trailer Shop,white,106218,Excellent,,"7' 0""","16' 0""",,"7' 0""",,,,,,
"('https://www.onestoptrailershop.com/inventory/2026-nitro-85x32-aluminum-enclosed-car-hauler-trailer-with-e-trac-barrington-nh-03825-13670521i', None)",20268.5x32 aluminum enclosed car hauler trailer with e tracNitro,"$25,999.00",True,"You Save $1,501.00",2026 Nitro 8.5x32 aluminum enclosed car hauler trailer with e trac,"25,999.00",True,"Was $27,500.00","Save $1,501.00 now until 11/30/2026",In Stock,New,09589,32,8.5,7.5,,,,,,,,New,In Stock,One Stop Trailer Shop,white,09589,Excellent,9999,"7' 6""","32' 0""",6699,"8' 6""",,,,,,
"('https://www.onestoptrailershop.com/inventory/2025-durabull-trailers-85x20-999lb-gvwr-lauminum-car-hauler-with-black-out-tirm-package-barrington-nh-03825-13382077i', None)",20258.5X20 999LB GVWR LAUMINUM CAR HAULER WITH BLACK OUT TIRM PACKAGE,"$14,999.00",True,"You Save $2,250.00",2025 DuraBull Trailers 8.5X20 999LB GVWR LAUMINUM CAR HAULER WITH BLACK OUT TIRM PACKAGE,"14,999.00",True,"Was $17,249.00","Save $2,250.00 now until 07/31/2026",In Stock,New,00515,20,8.5,6.5,,,,,,,,New,In Stock,One Stop Trailer Shop,Black,00515,Excellent,9990,"6' 6""","20' 0""",9700,"8' 6""",,,,,,
"('https://www.onestoptrailershop.com/inventory/2025-nitro-5x8-aluminum-utility-trailer-with-aluminum-wheels-barrington-nh-03825-13381917i', None)",20255x8 aluminum utility trailer with aluminum wheelsNitro,"$3,199.00",True,You Save $700.00,2025 Nitro 5x8 aluminum utility trailer with aluminum wheels,"3,199.00",True,"Was $3,899.00",Save $700.00 now until 07/31/2026,In Stock,New,18086,5,8,1.6666666666666665,,,,,,,,New,In Stock,One Stop Trailer Shop,Silver,18086,Excellent,2200,"1' 8""","5' 0""",1785,"8' 0""",,,,,,
"('https://www.onestoptrailershop.com/inventory/2025-nitro-65x12-aluminum-utility-trailer-with-torsion-axle-barrington-nh-03825-13381932i', None)",20256.5x12 aluminum utility trailer with torsion axleNitro,"$4,199.00",True,You Save $500.00,2025 Nitro 6.5x12 aluminum utility trailer with torsion axle,"4,199.00",True,"Was $4,699.00",Save $500.00 now until 07/31/2026,In Stock,New,09092,12,6.666666666666667,1.5,,,,,,,,New,In Stock,One Stop Trailer Shop,Silver,09092,Excellent,29990,"1' 6""","12' 0""",29490,"6' 8""",,,,,,
"('https://www.onestoptrailershop.com/inventory/2025-nitro-65x12-aluminum-utility-trailer-with-torsion-axle-barrington-nh-03825-13381933i', None)",20256.5x12 aluminum utility trailer with torsion axleNitro,"$3,999.00",True,You Save $500.00,2025 Nitro 6.5x12 aluminum utility trailer with torsion axle,"3,999.00",True,"Was $4,499.00",Save $500.00 now until 07/31/2026,In Stock,New,09093,12,6.666666666666667,1.5,,,,,,,,New,In Stock,One Stop Trailer Shop,Silver,09093,Excellent,2990,"1' 6""","12' 0""",2490,"6' 8""",,,,,,
"('https://www.onestoptrailershop.com/inventory/2025-nitro-65x14-aluminum-utility-trailer-with-aluminum-wheels-barrington-nh-03825-13381934i', None)",20256.5x14 aluminum utility trailer with aluminum wheelsNitro,"$4,399.00",True,You Save $600.00,2025 Nitro 6.5x14 aluminum utility trailer with aluminum wheels,"4,399.00",True,"Was $4,999.00",Save $600.00 now until 07/31/2026,In Stock,New,09094,14,6.666666666666667,1.5,,,,,,,,New,In Stock,One Stop Trailer Shop,Silver,09094,Excellent,2990,"1' 6""","14' 0""",2440,"6' 8""",,,,,,
"('https://www.onestoptrailershop.com/inventory/2025-wolverine-7x14-aluminum-utility-trailer-with-aluminum-wheels-electric-tongue-jack-barrington-nh-03825-13382566i', None)",20257x14 aluminum utility trailer with aluminum wheels & electric tongue jack,"$4,199.00",True,You Save $850.00,2025 Wolverine 7x14 aluminum utility trailer with aluminum wheels & electric tongue jack,"4,199.00",True,"Was $5,049.00",Save $850.00 now until 07/31/2026,In Stock,New,56867,14,7,,,Silver,,,,,,New,In Stock,One Stop Trailer Shop,Silver,56867,Excellent,2999,,"14' 0""",2159,"7' 0""",,,,,,
"('https://www.onestoptrailershop.com/inventory/2025-high-country-trailers-55x10-aluminum-utility-trailer-with-aluminum-floor-barrington-nh-03825-13382577i', None)",20255.5x10 aluminum utility trailer with aluminum floorHigh Country Trailers,"$2,899.00",True,"You Save $1,000.00",2025 High Country Trailers 5.5x10 aluminum utility trailer with aluminum floor,"2,899.00",True,"Was $3,899.00","Save $1,000.00 now until 07/31/2026",In Stock,New,21641,10,5.333333333333333,,,,2200,,,,,New,In Stock,One Stop Trailer Shop,,21641,Excellent,2200,,"10' 0""",1723,"5' 4""",,,,,,
"('https://www.onestoptrailershop.com/inventory/2024-high-country-trailers-7x12-flex-haul-tilt-utility-trailer-all-aluminum-barrington-nh-03825-13382602i', None)",20247x12 flex haul tilt utility trailer all aluminumHigh Country Trailers,"$4,299.00",True,"You Save $1,200.00",2024 High Country Trailers 7x12 flex haul tilt utility trailer all aluminum,"4,299.00",True,"Was $5,499.00","Save $1,200.00 now until 07/31/2026",In Stock,New,23115,12,6.75,1.5,,,,,,,,New,In Stock,One Stop Trailer Shop,Silver,23115,Excellent,2999,"1' 6""","12' 0""",2265,"6' 9""",,,,,,
"('https://www.onestoptrailershop.com/inventory/2024-high-country-trailers-7x12-flex-haul-tilt-utility-trailer-all-aluminum-barrington-nh-03825-13382604i', None)",20247x12 flex haul tilt utility trailer all aluminumHigh Country Trailers,"$4,299.00",True,"You Save $1,200.00",2024 High Country Trailers 7x12 flex haul tilt utility trailer all aluminum,"4,299.00",True,"Was $5,499.00","Save $1,200.00 now until 07/31/2026",In Stock,New,23114,12,6.75,1.5,,,,,,,,New,In Stock,One Stop Trailer Shop,Silver,23114,Excellent,2999,"1' 6""","12' 0""",2265,"6' 9""",,,,,,
"('https://www.onestoptrailershop.com/inventory/2026-wolverine-6x12-aluminum-utility-trailer-with-ramps-barrington-nh-03825-13670015i', None)",20266x12 aluminum utility trailer with rampsWolverine,"$3,799.00",True,You Save $600.00,2026 Wolverine 6x12 aluminum utility trailer with ramps,"3,799.00",True,"Was $4,399.00",Save $600.00 now until 11/30/2026,In Stock,New,58344,12,6,1.6666666666666665,,,,,,,,New,In Stock,One Stop Trailer Shop,silver,58344,Excellent,2990,"1' 8""","12' 0""",2330,"6' 0""",,,,,,
"('https://www.onestoptrailershop.com/inventory/2026-high-country-trailers-7x16-aluminum-car-haler-flat-bed-trailer-7000lb-gvwr-barrington-nh-03825-13670030i', None)",20267x16 aluminum car haler flat bed trailer 7000lb gvwrHigh Country Trailers,"$6,499.00",True,"You Save $1,300.00",2026 High Country Trailers 7x16 aluminum car haler flat bed trailer 7000lb gvwr,"6,499.00",True,"Was $7,799.00","Save $1,300.00 now until 11/30/2026",In Stock,New,54303,16,7,1.5,,,,,,,,New,In Stock,One Stop Trailer Shop,silver,54303,Excellent,,"1' 6""","16' 0""",,"7' 0""",,,,,,
"('https://www.onestoptrailershop.com/inventory/2026-high-country-trailers-7x20-aluminum-car-hauler-flat-bed-utility-trailer-aluminum-deck-barrington-nh-03825-13670047i', None)",20267x20 aluminum car hauler flat bed utility trailer aluminum deckHigh Country Trailers,"$8,499.00",False,,2026 High Country Trailers 7x20 aluminum car hauler flat bed utility trailer aluminum deck,"8,499.00",False,,,In Stock,New,54302,20,7,1.6666666666666665,,,,,,,,New,In Stock,One Stop Trailer Shop,silver,54302,Excellent,,"1' 8""","20' 0""",,"7' 0""",,,,,,
"('https://www.onestoptrailershop.com/inventory/2026-high-country-trailers-7x20-aluminum-car-hauler-flat-bed-utility-trailer-aluminum-deck-barrington-nh-03825-13723225i', None)",20267x20 aluminum car hauler flat bed utility trailer aluminum deckHigh Country Trailers,"$8,499.00",False,,2026 High Country Trailers 7x20 aluminum car hauler flat bed utility trailer aluminum deck,"8,499.00",False,,,In Stock,,54590,20,7,1.6666666666666665,,silver,,,,,,,In Stock,One Stop Trailer Shop,silver,54590,Excellent,,"1' 8""","20' 0""",,"7' 0""",,,,,,
"('https://www.onestoptrailershop.com/inventory/2026-high-country-trailers-65x14-tandem-axle-aluminum-utility-trailer-barrington-nh-03825-13799869i', None)",20266.5x14 tandem axle aluminum utility trailerHigh Country Trailers,"$5,299.00",False,,2026 High Country Trailers 6.5x14 tandem axle aluminum utility trailer,"5,299.00",False,,,In Stock,New,53729,14,6.5,,No,,,,,,,New,In Stock,One Stop Trailer Shop,silver,53729,Excellent,6000,,"14' 0""",4500,"6' 6""",,A-Frame,2,No,Aluminum,
"('https://www.onestoptrailershop.com/inventory/2026-high-country-trailers-65x16-aluminum-utility-trailer-tandem-axle-with-brakes-barrington-nh-03825-13799943i', None)",20266.5x16 aluminum utility trailer tandem axle with brakesHigh Country Trailers,"$5,599.00",False,,2026 High Country Trailers 6.5x16 aluminum utility trailer tandem axle with brakes,"5,599.00",False,,,In Stock,,54031,16,6.5,,No,silver,,,,,,,In Stock,One Stop Trailer Shop,silver,54031,Excellent,6000,,"16' 0""",,"6' 6""",silver,A-Frame,2,No,Aluminum,
"('https://www.onestoptrailershop.com/inventory/2025-watchdog-7x14-commercial-grade-dump-trailer-14000lb-gvwr-matte-black-barrington-nh-03825-13381965i', None)","20257x14 commercial grade dump trailer 14,000lb gvwr Matte BlackWatchdog","$12,499.00",True,"You Save $1,000.00","2025 Watchdog 7x14 commercial grade dump trailer 14,000lb gvwr Matte Black","12,499.00",True,"Was $13,499.00","Save $1,000.00 now until 07/31/2026",In Stock,New,54575,14,7,2,,,,,,,,New,In Stock,One Stop Trailer Shop,Black,54575,Excellent,14000,"2' 0""","14' 0""",10000,"7' 0""",,,,,,
"('https://www.onestoptrailershop.com/inventory/2025-watchdog-7x14-commercial-grade-dump-trailer-battleship-grey-barrington-nh-03825-13381978i', None)",20257x14 commercial grade Dump trailer battleship greyWatchdog,"$12,499.00",True,"You Save $1,000.00",2025 Watchdog 7x14 commercial grade Dump trailer battleship grey,"12,499.00",True,"Was $13,499.00","Save $1,000.00 now until 07/31/2026",In Stock,New,54577,14,7,2,,,,,,,,New,In Stock,One Stop Trailer Shop,Gray,54577,Excellent,14000,"2' 0""","14' 0""",10000,"7' 0""",,,,,,
"('https://www.onestoptrailershop.com/inventory/2025-extreme-road-trail-xt-200-4x6-off-road-dump-trailer-dual-axle-barrington-nh-03825-13382104i', None)",2025xt 200 4x6 off road dump trailer dual axleExtreme Road & Trail,"$3,499.00",True,You Save $350.00,2025 Extreme Road & Trail xt 200 4x6 off road dump trailer dual axle,"3,499.00",True,"Was $3,849.00",Save $350.00 now until 07/31/2026,In Stock,New,xt200,6,4,1.5,,,,,,,,New,In Stock,One Stop Trailer Shop,Black,xt200,Excellent,2000,"1' 6""","6' 0""",1400,"4' 0""",,,,,,
"('https://www.onestoptrailershop.com/inventory/2025-rance-aluminum-trailers-45x8-aluminum-dump-trailer-with-ramps-barrington-nh-03825-13382567i', None)",20254.5x8 aluminum dump trailer with rampsRance Aluminum Trailers,"$5,999.00",True,"You Save $1,000.00",2025 Rance Aluminum Trailers 4.5x8 aluminum dump trailer with ramps,"5,999.00",True,"Was $6,999.00","Save $1,000.00 now until 07/31/2026",In Stock,New,15829,8,4.5,1.6666666666666665,,,,,,,,New,In Stock,One Stop Trailer Shop,,15829,Excellent,,"1' 8""","8' 0""",,"4' 6""",,,,,,
"('https://www.onestoptrailershop.com/inventory/2024-extreme-road-trail-xrt-424-55x9-dump-with-24-inch-sides-and-tarp-kit-barrington-nh-03825-13382578i', None)",2024Xrt 424 5.5x9 dump with 24 inch sides and tarp kitExtreme Road & Trail,"$6,350.00",True,"You Save $1,149.00",2024 Extreme Road & Trail Xrt 424 5.5x9 dump with 24 inch sides and tarp kit,"6,350.00",True,"Was $7,499.00","Save $1,149.00 now until 07/31/2026",In Stock,New,01610,9,5.5,2,,,,,,,,New,In Stock,One Stop Trailer Shop,Gray,01610,Excellent,4990,"2' 0""","9' 0""",3990,"5' 6""",,,,,,
"('https://www.onestoptrailershop.com/inventory/2026-quality-steel-aluminum-products-llc-7x14-14000lb-gvwr-dump-trailer-with-2-foot-sides-barrington-nh-03825-13670275i', None)","20267x14 14,000lb gvwr dump trailer with 2 foot sidesQuality Steel & Aluminum Products, LLC","$9,499.00",True,"You Save $1,200.00","2026 Quality Steel & Aluminum Products, LLC 7x14 14,000lb gvwr dump trailer with 2 foot sides","9,499.00",True,"Was $10,699.00","Save $1,200.00 now until 11/30/2026",In Stock,New,67209,14,7,2,,,,,,,,New,In Stock,One Stop Trailer Shop,black,67209,Excellent,14000,"2' 0""","14' 0""",10160,"7' 0""",,,,,,
"('https://www.onestoptrailershop.com/inventory/2026-nitro-75x18-extra-height-xps-enclosed-snowmobile-trailer-3-place-sxs-atv-utv-loaded-barrington-nh-03825-13761860i', None)",20267.5x18 extra height xps enclosed snowmobile trailer 3 place sxs atv utv Loaded,"$19,399.00",False,,2026 Nitro 7.5x18 extra height xps enclosed snowmobile trailer 3 place sxs atv utv Loaded,"19,399.00",False,,,In Stock,New,.9939,18 ft. 0 in.,,7 ft. 6 in.,,,,,Dual Axle,,,New,In Stock,One Stop Trailer Shop,White,.9939,Excellent,7000,"7' 6""","18' 0""",,"7' 6""",Black,A-Frame,,No,Aluminum,
"('https://www.onestoptrailershop.com/inventory/2023-lightning-101x14-aluminum-snowmobile-trailer-tandem-axle-with-mats-guides-left-over-barrington-nh-03825-13794411i', None)",2023101X14 ALUMINUM SNOWMOBILE TRAILER TANDEM AXLE WITH MATS & GUIDES LEFT OVER,"$10,499.00",False,,2023 Lightning 101X14 ALUMINUM SNOWMOBILE TRAILER TANDEM AXLE WITH MATS & GUIDES LEFT OVER,"10,499.00",False,,,In Stock,New,85647,14 ft. 0 in.,,5 ft. 6 in.,,,,,Dual Axle,,,New,In Stock,One Stop Trailer Shop,WHITE,85647,Excellent,6000,"5' 6""","14' 0""",4500,"8' 6""",SILVER,A-Frame,2,No,Aluminum,
"('https://www.onestoptrailershop.com/inventory/2026-nitro-101x12-bcx-snowmobile-trailer-with-black-out-trim-package-silver-frost-exterior-barrington-nh-03825-13822396i', None)",2026101x12 BCX Snowmobile trailer with black out trim package silver frost exterior,"$8,499.00",False,,2026 Nitro 101x12 BCX Snowmobile trailer with black out trim package silver frost exterior,"8,499.00",False,,,In Stock,New,09827,,,,,Silver,,,,Black,,New,In Stock,One Stop Trailer Shop,Silver,09827,Excellent,,,,,,Black,,,,,
"('https://www.onestoptrailershop.com/inventory/2026-high-country-trailers-7x18-aluminum-car-trailer-utility-trailer-with-upgrades-9990lb-gvwr-barrington-nh-03825-13722965i', None)",20267x18 aluminum car trailer utility trailer with upgrades 9990lb gvwrHigh Country Trailers,"$7,499.00",False,,2026 High Country Trailers 7x18 aluminum car trailer utility trailer with upgrades 9990lb gvwr,"7,499.00",False,,,In Stock,New,54589,,,,,silver,,,,silver,,New,In Stock,One Stop Trailer Shop,silver,54589,Excellent,,,,,,silver,,,,,
"('https://www.onestoptrailershop.com/inventory/2025-venture-trailers-22-24-foot-pontoon-trailer-dual-axle-barrington-nh-03825-13382536i', None)",202522-24 FOOT PONTOON TRAILER DUAL AXLEVenture Trailers,"$4,800.00",True,You Save $799.00,2025 Venture Trailers 22-24 FOOT PONTOON TRAILER DUAL AXLE,"4,800.00",True,"Was $5,599.00",Save $799.00 now until 07/31/2026,In Stock,New,00076,24 ft. 0 in.,8 ft. 6 in.,2 ft. 0 in.,,,,,,,,New,In Stock,One Stop Trailer Shop,Gray,00076,Excellent,5150,"2' 0""","24' 0""",,"8' 6""",,,,,,
"('https://www.onestoptrailershop.com/inventory/2024-massimo-p-24-limited-quad-lounger-barrington-nh-03825-13382605i', None)",2024P 24 Limited quad loungerMassimo,"$37,999.00",True,"You Save $26,150.00",2024 Massimo P 24 Limited quad lounger,"37,999.00",True,"Was $64,149.00","Save $26,150.00 now until 07/31/2026",In Stock,New,026B424,,,,,Blue,,,,,24 ft. 0 in.,New,In Stock,One Stop Trailer Shop,Blue,026B424,Excellent,,,,,,,,,,,
"('https://www.onestoptrailershop.com/inventory/2026-anvil-trailers-5x8-enclosed-cargo-trailer-with-side-door-and-rear-ramp-black-barrington-nh-03825-13734690i', None)",20265x8 Enclosed Cargo Trailer with side door and rear ramp BlackAnvil Trailers,"$3,699.00",False,,2026 Anvil Trailers 5x8 Enclosed Cargo Trailer with side door and rear ramp Black,"3,699.00",False,,,In Stock,,40359,8 ft. 0 in.,5 ft. 0 in.,5 ft. 0 in.,,,,,Single Axle,,,,In Stock,One Stop Trailer Shop,Black,40359,Excellent,2990,"5' 0""","8' 0""",2260,"5' 0""",silver,A-Frame,1,No,Steel,
"('https://www.onestoptrailershop.com/inventory/2026-covered-wagon-5x10-enclosed-cargo-trailer-with-black-out-package-barrington-nh-03825-13710700i', None)",20265x10 enclosed cargo trailer with black out packageCovered Wagon,"$4,599.00",False,,2026 Covered Wagon 5x10 enclosed cargo trailer with black out package,"4,599.00",False,,,In Stock,New,06225,,,,,Black,,,Enclosed,Black,,New,In Stock,One Stop Trailer Shop,Black,06225,Excellent,,,,,,Black,,,,,
"('https://www.onestoptrailershop.com/inventory/2026-covered-wagon-85x16-extra-height-enclosed-cargo-trailer-with-wall-e-trac-and-poly-core-siding-rear-ramp-door-barrington-nh-03825-13714072i', None)",20268.5x16 extra height enclosed cargo trailer with wall e trac and poly core siding rear ramp door,"$9,699.00",False,,2026 Covered Wagon 8.5x16 extra height enclosed cargo trailer with wall e trac and poly core siding rear ramp door,"9,699.00",False,,,In Stock,,,16 ft. 0 in.,102 ft. 0 in.,90 ft. 0 in.,,Charcoal,,,Enclosed,,,,In Stock,One Stop Trailer Shop,Charcoal,,Excellent,,"90' 0""","16' 0""",4500,"102' 0""",silver,A-Frame,2,,,
"('https://www.onestoptrailershop.com/inventory/2024-bintelli-nexus-4p-lifted-mint-green-barrington-nh-03825-13382583i', None)",2024Nexus 4p Lifted Mint greenBintelli,"$13,300.00",True,"You Save $4,795.00",2024 Bintelli Nexus 4p Lifted Mint green,"13,300.00",True,"Was $18,095.00","Save $4,795.00 now until 07/31/2026",In Stock,New,09877,,,,,Green,,,,,,New,In Stock,One Stop Trailer Shop,Green,09877,Excellent,,,,,,,,,,,
"('https://www.onestoptrailershop.com/inventory/2026-quality-steel-aluminum-products-llc-7x20-14000lb-gvwr-equipment-trailer-power-tilt-barrington-nh-03825-13670322i', None)","20267x20 14,000lb gvwr equipment trailer power tiltQuality Steel & Aluminum Products, LLC","$8,799.00",True,"You Save $1,500.00","2026 Quality Steel & Aluminum Products, LLC 7x20 14,000lb gvwr equipment trailer power tilt","8,799.00",True,"Was $10,299.00","Save $1,500.00 now until 11/30/2026",In Stock,New,53294,20 ft. 0 in.,6 ft. 11 in.,1 ft. 8 in.,,,,,,,,New,In Stock,One Stop Trailer Shop,black,53294,Excellent,14000,"1' 8""","20' 0""",11160,"6' 11""",,,,,,
"('https://www.onestoptrailershop.com/inventory/2023-maxx-d-102x24-gooseneck-drive-over-fenders-low-profile-17500-gvwr-like-new-barrington-nh-03825-13670329i', None)",2023102X24 GOOSENECK DRIVE OVER FENDERS LOW PROFILE 17500 GVWR LIKE NEW,"$11,999.00",True,"You Save $3,800.00",2023 MAXX-D 102X24 GOOSENECK DRIVE OVER FENDERS LOW PROFILE 17500 GVWR LIKE NEW,"11,999.00",True,"Was $15,799.00","Save $3,800.00 now until 11/30/2026",In Stock,Used,23maxxd,24 ft. 0 in.,8 ft. 6 in.,2 ft. 0 in.,,,,,,,,Used,In Stock,One Stop Trailer Shop,black,23maxxd,Excellent,17500,"2' 0""","24' 0""",,"8' 6""",,,,,,
"('https://www.onestoptrailershop.com/inventory/2025-kaufman-trailers-7x22-hd-equipment-trailer-with-full-width-ramps-15000lb-gvwr-barrington-nh-03825-13821328i', None)","20257X22 HD Equipment trailer with full width ramps 15,000lb gvwr","$8,899.00",False,,"2025 KAUFMAN TRAILERS 7X22 HD Equipment trailer with full width ramps 15,000lb gvwr","8,899.00",False,,,In Stock,,00508,,,,,black,,,,black,,,In Stock,One Stop Trailer Shop,black,00508,Excellent,,,,,,black,,,,,
"('https://www.onestoptrailershop.com/inventory/2026-anvil-trailers-7x14-enclosed-cargo-trailer-with-rear-ramp-barrington-nh-03825-13734219i', None)",20267X14 ENCLOSED CARGO TRAILER WITH REAR RAMPAnvil Trailers,"$7,199.00",False,,2026 Anvil Trailers 7X14 ENCLOSED CARGO TRAILER WITH REAR RAMP,"7,199.00",False,,,In Stock,,40991,14 ft. 0 in.,7 ft. 0 in.,6 ft. 3 in.,,,,,Enclosed,,,,In Stock,One Stop Trailer Shop,BLACK,40991,Excellent,7000,"6' 3""","14' 0""",4880,"7' 0""",SILVER,A-Frame,2,No,Steel,
"('https://www.onestoptrailershop.com/inventory/2024-bintelli-nexus-4p-lifted-loaded-hydro-blue-barrington-nh-03825-13382591i', None)",2024Nexus 4p lifted loaded hydro blueBintelli,"$13,300.00",True,"You Save $4,795.00",2024 Bintelli Nexus 4p lifted loaded hydro blue,"13,300.00",True,"Was $18,095.00","Save $4,795.00 now until 07/31/2026",In Stock,New,06600,,,,,,,,,,,New,In Stock,One Stop Trailer Shop,,06600,Excellent,,,,,,,,,,,
"('https://www.onestoptrailershop.com/inventory/2024-bintelli-nexus-4f-street-legal-golf-cart-lsv-mint-green-loaded-barrington-nh-03825-13382595i', None)",2024Nexus 4f street legal golf cart lsv mint green loadedBintelli,"$13,500.00",True,"You Save $3,499.00",2024 Bintelli Nexus 4f street legal golf cart lsv mint green loaded,"13,500.00",True,"Was $16,999.00","Save $3,499.00 now until 07/31/2026",In Stock,1 Miles,00Nexus4f,,,,,,,,,,,New,In Stock,One Stop Trailer Shop,,00Nexus4f,Excellent,,,,,,,,,,,1 Miles
"('https://www.onestoptrailershop.com/inventory/2022-diamond-c-trailer-mfg-102x26-goosenck-equipmnet-trailer-20000lb-gvwr-barrington-nh-03825-13382029i', None)","2022102X26 GOOSENCK EQUIPMNET TRAILER 20,000LB GVWR","$16,749.00",True,"You Save $5,151.00","2022 Diamond C Trailer MFG. 102X26 GOOSENCK EQUIPMNET TRAILER 20,000LB GVWR","16,749.00",True,"Was $21,900.00","Save $5,151.00 now until 07/31/2026",In Stock,Used,22gn26,26 ft. 0 in.,8 ft. 6 in.,2 ft. 8 in.,,,,,,,,Used,In Stock,One Stop Trailer Shop,Gray,22gn26,Excellent,20000,"2' 8""","26' 0""",,"8' 6""",,,,,,
"('https://www.onestoptrailershop.com/inventory/2026-quality-trailers-7x20-power-tilt-equipment-trailer-14000lb-gvwr-barrington-nh-03825-13670300i', None)","20267x20 power tilt equipment trailer 14,000lb gvwrQuality Trailers","$8,799.00",True,"You Save $1,500.00","2026 Quality Trailers 7x20 power tilt equipment trailer 14,000lb gvwr","8,799.00",True,"Was $10,299.00","Save $1,500.00 now until 11/30/2026",In Stock,New,53292,20 ft. 0 in.,6 ft. 11 in.,1 ft. 8 in.,,,,,,,,New,In Stock,One Stop Trailer Shop,black,53292,Excellent,14000,"1' 8""","20' 0""",11160,"6' 11""",,,,,,
"('https://www.onestoptrailershop.com/inventory/2024-nitro-1012x12-hybrid-snowmobile-trailer-with-mats-guides-barrington-nh-03825-13382615i', None)",20241012x12 hybrid snowmobile trailer with mats & guidesNitro,"$6,799.00",True,"You Save $1,200.00",2024 Nitro 1012x12 hybrid snowmobile trailer with mats & guides,"6,799.00",True,"Was $7,999.00","Save $1,200.00 now until 07/31/2026",In Stock,New,06054,12 ft. 0 in.,8 ft. 6 in.,5 ft. 7 in.,,,,,,,,New,In Stock,One Stop Trailer Shop,White,06054,Excellent,2999,"5' 7""","12' 0""",2004,"8' 6""",,,,,,
"('https://www.onestoptrailershop.com/inventory/2026-nitro-101x12-nitro-bcx-black-out-snowmobile-trailer-with-mats-guides-multi-purpose-use-barrington-nh-03825-13670428i', None)",2026101x12 Nitro BCX black out snowmobile trailer with mats & guides multi purpose use,"$8,499.00",True,You Save $850.00,2026 Nitro 101x12 Nitro BCX black out snowmobile trailer with mats & guides multi purpose use,"8,499.00",True,"Was $9,349.00",Save $850.00 now until 11/30/2026,In Stock,New,09282,12 ft. 0 in.,8 ft. 5 in.,5 ft. 10 in.,,,,,,,,New,In Stock,One Stop Trailer Shop,white,09282,Excellent,2999,"5' 10""","12' 0""",2009,"8' 5""",,,,,,
"('https://www.onestoptrailershop.com/inventory/2026-nitro-101x12-nitro-bcx-snowmobile-trailer-multi-purpose-use-barrington-nh-03825-13670441i', None)",2026101x12 Nitro BCX snowmobile trailer multi purpose useNitro,"$8,499.00",True,You Save $750.00,2026 Nitro 101x12 Nitro BCX snowmobile trailer multi purpose use,"8,499.00",True,"Was $9,249.00",Save $750.00 now until 11/30/2026,In Stock,New,09296,12 ft. 0 in.,8 ft. 5 in.,5 ft. 10 in.,,,,,,,,New,In Stock,One Stop Trailer Shop,black,09296,Excellent,2999,"5' 10""","12' 0""",2009,"8' 5""",,,,,,
"('https://www.onestoptrailershop.com/inventory/2026-nitro-101x16-nitro-snowmobile-trailer-extra-height-will-fit-sxs-utv-atvs-barrington-nh-03825-13721114i', None)",2026101x16 Nitro snowmobile trailer extra height will fit sxs utv atvsNitro,"$14,699.00",False,,2026 Nitro 101x16 Nitro snowmobile trailer extra height will fit sxs utv atvs,"14,699.00",False,,,In Stock,New,09924,16 ft. 0 in.,,7 ft. 3 in.,,,,,Dual Axle,,,New,In Stock,One Stop Trailer Shop,silver,09924,Excellent,6000,"7' 3""","16' 0""",4420,"8' 6""",black,A-Frame,2,No,Aluminum,
"('https://www.onestoptrailershop.com/inventory/2026-high-country-trailers-8x22-low-profile-dec-over-snowmobile-trailer-4-place-with-upgrades-barrington-nh-03825-13756531i', None)",20268x22 low profile dec over snowmobile trailer 4 place with upgradesHigh Country Trailers,"$16,999.00",False,,2026 High Country Trailers 8x22 low profile dec over snowmobile trailer 4 place with upgrades,"16,999.00",False,,,In Stock,New,52547,22 ft. 0 in.,8 ft. 0 in.,6 ft. 6 in.,,,,,,,,New,In Stock,One Stop Trailer Shop,Charcoal,52547,Excellent,6000,"6' 6""","22' 0""",3750,"8' 0""",silver,A-Frame,2,,Aluminum,
"('https://www.onestoptrailershop.com/inventory/2026-covered-wagon-85x16-extra-height-enclosed-cargo-trailer-with-wall-e-trac-and-poly-core-siding-rear-ramp-door-barrington-nh-03825-13714057i', None)",20268.5x16 extra height enclosed cargo trailer with wall e trac and poly core siding rear ramp door,"$9,699.00",False,,2026 Covered Wagon 8.5x16 extra height enclosed cargo trailer with wall e trac and poly core siding rear ramp door,"9,699.00",False,,,In Stock,New,06222,16 ft. 0 in.,,90 ft. 0 in.,,,,,Enclosed,,,New,In Stock,One Stop Trailer Shop,Black,06222,Excellent,,"90' 0""","16' 0""",4500,"102' 0""",silver,A-Frame,2,,,
"('https://www.onestoptrailershop.com/inventory/2025-nitro-7x14-aluminum-contractor-trailer-barn-doors-barrington-nh-03825-13382546i', None)",20257x14 aluminum contractor trailer barn doorsNitro,"$12,499.00",True,"You Save $1,300.00",2025 Nitro 7x14 aluminum contractor trailer barn doors,"12,499.00",True,"Was $13,799.00","Save $1,300.00 now until 07/31/2026",In Stock,New,08911,7,7,6.833333333333333,,,,,,,,New,In Stock,One Stop Trailer Shop,Black,08911,Excellent,7000,"6' 10""","7' 0""",5420,"7' 0""",,,,,,
"('https://www.onestoptrailershop.com/inventory/2026-durabull-trailers-85x16-contractor-trailer-with-rear-ramp-8-foot-barrington-nh-03825-13670755i', None)",20268.5x16 contractor trailer with rear ramp & 8 footDuraBull Trailers,"$14,499.00",True,"You Save $3,521.00",2026 DuraBull Trailers 8.5x16 contractor trailer with rear ramp & 8 foot,"14,499.00",True,"Was $18,020.00","Save $3,521.00 now until 11/30/2026",In Stock,New,8516con,16,8.5,8,,,,,,,,New,In Stock,One Stop Trailer Shop,white,8516con,Excellent,7000,"8' 0""","16' 0""",4500,"8' 6""",,,,,,
"('https://www.onestoptrailershop.com/inventory/2026-nitro-75x16-aluminum-contractor-trailer-with-black-out-trim-package-barrington-nh-03825-13670761i', None)",20267.5X16 ALUMINUM CONTRACTOR TRAILER WITH BLACK OUT TRIM PACKAGENitro,"$13,799.00",True,"You Save $2,096.00",2026 Nitro 7.5X16 ALUMINUM CONTRACTOR TRAILER WITH BLACK OUT TRIM PACKAGE,"13,799.00",True,"Was $15,895.00","Save $2,096.00 now until 11/30/2026",In Stock,New,09493,16,7.5,6.833333333333333,,,,,,,,New,In Stock,One Stop Trailer Shop,white,09493,Excellent,7000,"6' 10""","16' 0""",5300,"7' 6""",,,,,,
"('https://www.onestoptrailershop.com/inventory/2024-legend-trailers-85x24-legend-tmr-enclosed-race-car-trailer-loaded-with-options-aluminum-barrington-nh-03825-13382597i', None)",20248.5X24 Legend tmr enclosed race car trailer loaded with options aluminum,"$24,499.00",True,"You Save $6,500.00",2024 Legend Trailers 8.5X24 Legend tmr enclosed race car trailer loaded with options aluminum,"24,499.00",True,"Was $30,999.00","Save $6,500.00 now until 07/31/2026",In Stock,New,12298,24,8.5,7,,,,,,,,New,In Stock,One Stop Trailer Shop,Silver,12298,Excellent,9990,"7' 0""","24' 0""",6406,"8' 6""",,,,,,
"('https://www.onestoptrailershop.com/inventory/2024-high-country-trailers-2024-7x22-adventure-trailer-9990lb-gvwr-aluminum-car-hauler-camper-trailer-custom-barrington-nh-03825-13382607i', None)",20242024 7x22 adventure trailer 9990lb gvwr aluminum car hauler camper trailer custom,"$20,500.00",True,"You Save $7,999.00",2024 High Country Trailers 2024 7x22 adventure trailer 9990lb gvwr aluminum car hauler camper trailer custom,"20,500.00",True,"Was $28,499.00","Save $7,999.00 now until 07/31/2026",In Stock,New,41104,22,7,6.833333333333333,,,,,,,,New,In Stock,One Stop Trailer Shop,White,41104,Excellent,9990,"6' 10""","22' 0""",7531,"7' 0""",,,,,,
"('https://www.onestoptrailershop.com/inventory/2025-hoooroo-7x16-extra-height-enclosed-cargo-trailer-red-with-blackout-trim-package-barrington-nh-03825-13381913i', None)",20257x16 extra height enclosed cargo trailer red with blackout trim packageHoooroo,"$7,799.00",True,You Save $400.00,2025 Hoooroo 7x16 extra height enclosed cargo trailer red with blackout trim package,"7,799.00",True,"Was $8,199.00",Save $400.00 now until 07/31/2026,In Stock,New,01715,16,7,7,,,,,,,,New,In Stock,One Stop Trailer Shop,Red,01715,Excellent,7000,"7' 0""","16' 0""",4850,"7' 0""",,,,,,
"('https://www.onestoptrailershop.com/inventory/2025-nitro-75x16-aluminum-cargo-trailer-with-spoiler-extra-height-barrington-nh-03825-13381914i', None)",20257.5x16 aluminum cargo trailer with spoiler & extra heightNitro,"$10,999.00",True,"You Save $1,000.00",2025 Nitro 7.5x16 aluminum cargo trailer with spoiler & extra height,"10,999.00",True,"Was $11,999.00","Save $1,000.00 now until 07/31/2026",In Stock,New,09109,,,,,Black,7000,5250,,,,New,In Stock,One Stop Trailer Shop,Black,09109,Excellent,7000,,,5250,,,,,,,
"('https://www.onestoptrailershop.com/inventory/2024-legend-trailers-7x14-extra-height-aluminum-enclosed-cargo-trailer-sxs-atv-or-motorcycle-barrington-nh-03825-13382098i', None)",20247x14 extra height aluminum enclosed cargo trailer sxs atv or motorcycleLegend Trailers,"$10,999.00",True,"You Save $2,200.00",2024 Legend Trailers 7x14 extra height aluminum enclosed cargo trailer sxs atv or motorcycle,"10,999.00",True,"Was $13,199.00","Save $2,200.00 now until 07/31/2026",In Stock,New,04395,14,7,7,,,,,,,,New,In Stock,One Stop Trailer Shop,Black,04395,Excellent,7000,"7' 0""","14' 0""",4750,"7' 0""",,,,,,
"('https://www.onestoptrailershop.com/inventory/2025-legend-trailers-7x12-extra-height-enclosed-cargo-trailer-with-aluminum-wheels-barrington-nh-03825-13382421i', None)",20257x12 extra height enclosed cargo trailer with aluminum wheelsLegend Trailers,"$8,995.00",True,"You Save $1,704.00",2025 Legend Trailers 7x12 extra height enclosed cargo trailer with aluminum wheels,"8,995.00",True,"Was $10,699.00","Save $1,704.00 now until 07/31/2026",In Stock,New,14661,12,7,0.5833333333333334,,,,,,,,New,In Stock,One Stop Trailer Shop,Blue,14661,Excellent,7000,"0' 7""","12' 0""",4900,"7' 0""",,,,,,
"('https://www.onestoptrailershop.com/inventory/2025-covered-wagon-7x16-contractor-trailer-with-barn-doors-and-ladder-racks-barrington-nh-03825-13382454i', None)",20257x16 contractor trailer with barn doors and ladder racksCovered Wagon,"$8,799.00",True,You Save $700.00,2025 Covered Wagon 7x16 contractor trailer with barn doors and ladder racks,"8,799.00",True,"Was $9,499.00",Save $700.00 now until 07/31/2026,In Stock,New,00571,16,7,6.5,,,,,,,,New,In Stock,One Stop Trailer Shop,Silver,00571,Excellent,7000,"6' 6""","16' 0""",4600,"7' 0""",,,,,,
"('https://www.onestoptrailershop.com/inventory/2025-high-country-trailers-6x12-aluminum-cargo-trailer-rear-ramp-xlt-series-barrington-nh-03825-13382479i', None)",20256x12 aluminum cargo trailer rear ramp xlt seriesHigh Country Trailers,"$5,999.00",True,You Save $900.00,2025 High Country Trailers 6x12 aluminum cargo trailer rear ramp xlt series,"5,999.00",True,"Was $6,899.00",Save $900.00 now until 07/31/2026,In Stock,New,144798,12,6,5.833333333333333,,,,,,,,New,In Stock,One Stop Trailer Shop,White,144798,Excellent,2990,"5' 10""","12' 0""",,"6' 0""",,,,,,
"('https://www.onestoptrailershop.com/inventory/2025-high-country-trailers-6x12-aluminum-enclosed-cargo-trailer-xlt-series-rear-ramp-barrington-nh-03825-13382485i', None)",20256x12 aluminum enclosed cargo trailer Xlt series rear rampHigh Country Trailers,"$5,999.00",True,You Save $900.00,2025 High Country Trailers 6x12 aluminum enclosed cargo trailer Xlt series rear ramp,"5,999.00",True,"Was $6,899.00",Save $900.00 now until 07/31/2026,In Stock,New,44804,12,6,5.833333333333333,,,,,,,,New,In Stock,One Stop Trailer Shop,Black,44804,Excellent,2999,"5' 10""","12' 0""",1718,"6' 0""",,,,,,
"('https://www.onestoptrailershop.com/inventory/2024-nitro-2024-nitro-aluminum-6x12-contractor-trailer-with-black-out-package-barrington-nh-03825-13382488i', None)",20242024 NITRO ALUMINUM 6X12 CONTRACTOR TRAILER WITH BLACK OUT PACKAGE,"$7,699.00",True,You Save $500.00,2024 Nitro 2024 NITRO ALUMINUM 6X12 CONTRACTOR TRAILER WITH BLACK OUT PACKAGE,"7,699.00",True,"Was $8,199.00",Save $500.00 now until 07/31/2026,In Stock,New,07389,12,6,6.5,,,,,,,,New,In Stock,One Stop Trailer Shop,Red,07389,Excellent,2999,"6' 6""","12' 0""",1749,"6' 0""",,,,,,
"('https://www.onestoptrailershop.com/inventory/2024-nitro-85x16-aluminum-enclosed-cargo-trailer-barrington-nh-03825-13382505i', None)",20248.5x16 aluminum enclosed cargo trailerNitro,"$11,699.00",True,You Save $300.00,2024 Nitro 8.5x16 aluminum enclosed cargo trailer,"11,699.00",True,"Was $11,999.00",Save $300.00 now until 07/31/2026,In Stock,New,07045,16,8.5,7.083333333333333,,,,,,,,New,In Stock,One Stop Trailer Shop,Silver,07045,Excellent,7000,"7' 1""","16' 0""",5250,"8' 6""",,,,,,
"('https://www.onestoptrailershop.com/inventory/2024-south-georgia-6x10-enclosed-cargo-trailer-silver-frost-poly-core-rear-ramp-barrington-nh-03825-13669489i', None)",20246x10 enclosed cargo trailer silver frost poly core rear rampSouth Georgia,"$4,799.00",False,,2024 South Georgia 6x10 enclosed cargo trailer silver frost poly core rear ramp,"4,799.00",False,,,In Stock,New,10068,10,6,6.25,,,,,,,,New,In Stock,One Stop Trailer Shop,silver,10068,Excellent,2999,"6' 3""","10' 0""",1799,"6' 0""",,,,,,
"('https://www.onestoptrailershop.com/inventory/2025-haul-about-5x10-enclosed-cargo-trailer-with-barn-door-side-door-barrington-nh-03825-13669502i', None)",20255x10 enclosed cargo trailer with barn door & side doorHaul-About,"$4,199.00",True,You Save $700.00,2025 Haul-About 5x10 enclosed cargo trailer with barn door & side door,"4,199.00",True,"Was $4,899.00",Save $700.00 now until 11/30/2026,In Stock,New,16482,100,5,4,,,,,,,,New,In Stock,One Stop Trailer Shop,black,16482,Excellent,2999,"4' 0""","100' 0""",2094,"5' 0""",,,,,,
"('https://www.onestoptrailershop.com/inventory/2025-haul-about-85x20-commercial-grade-landscaping-trailer-9990lb-gvwr-barrington-nh-03825-13669620i', None)",20258.5x20 commercial grade landscaping trailer 9990lb gvwrHaul-About,"$14,199.00",True,"You Save $1,550.00",2025 Haul-About 8.5x20 commercial grade landscaping trailer 9990lb gvwr,"14,199.00",True,"Was $15,749.00","Save $1,550.00 now until 11/30/2026",In Stock,New,16485,20,8.5,6.666666666666667,,,,,,,,New,In Stock,One Stop Trailer Shop,white,16485,Excellent,9990,"6' 8""","20' 0""",6545,"8' 6""",,,,,,
"('https://www.onestoptrailershop.com/inventory/2025-anvil-trailers-5x10-cargo-trailer-extra-height-rear-ramp-side-door-silver-frost-barrington-nh-03825-13669637i', None)",20255x10 cargo trailer extra height rear ramp & side door silver frostAnvil Trailers,"$4,199.00",True,"You Save $1,050.00",2025 Anvil Trailers 5x10 cargo trailer extra height rear ramp & side door silver frost,"4,199.00",True,"Was $5,249.00","Save $1,050.00 now until 11/30/2026",In Stock,New,39796,50,5,5.5,,,,,,,,New,In Stock,One Stop Trailer Shop,silver,39796,Excellent,2999,"5' 6""","50' 0""",1899,"5' 0""",,,,,,
"('https://www.onestoptrailershop.com/inventory/2025-anvil-trailers-85x18-extra-height-enclosed-cargo-or-car-hauler-trailer-black-out-barrington-nh-03825-13669646i', None)",20258.5x18 extra height enclosed cargo or car hauler trailer black outAnvil Trailers,"$9,999.00",True,"You Save $1,700.00",2025 Anvil Trailers 8.5x18 extra height enclosed cargo or car hauler trailer black out,"9,999.00",True,"Was $11,699.00","Save $1,700.00 now until 11/30/2026",In Stock,New,39649,18,8.5,7.5,,,,,,,,New,In Stock,One Stop Trailer Shop,black,39649,Excellent,7000,"7' 6""","18' 0""",4300,"8' 6""",,,,,,
"('https://www.onestoptrailershop.com/inventory/2025-nitro-85x20-enclosed-cargo-trailer-with-landscaping-package-barrington-nh-03825-13669678i', None)",20258.5x20 enclosed cargo trailer with landscaping packageNitro,"$15,999.00",True,"You Save $1,900.00",2025 Nitro 8.5x20 enclosed cargo trailer with landscaping package,"15,999.00",True,"Was $17,899.00","Save $1,900.00 now until 11/30/2026",In Stock,New,09389,20,8.5,7,,,,,,,,New,In Stock,One Stop Trailer Shop,red,09389,Excellent,9990,"7' 0""","20' 0""",7290,"8' 6""",,,,,,
"('https://www.onestoptrailershop.com/inventory/2025-anvil-trailers-7x14-enclosed-cargo-trailer-rear-ramp-white-poly-core-sides-barrington-nh-03825-13669696i', None)",20257x14 enclosed cargo trailer rear ramp white poly core sidesAnvil Trailers,"$7,199.00",True,"You Save $1,150.00",2025 Anvil Trailers 7x14 enclosed cargo trailer rear ramp white poly core sides,"7,199.00",True,"Was $8,349.00","Save $1,150.00 now until 11/30/2026",In Stock,New,39793,14,7,6.25,,,,,,,,New,In Stock,One Stop Trailer Shop,white,39793,Excellent,7000,"6' 3""","14' 0""",4680,"7' 0""",,,,,,
"('https://www.onestoptrailershop.com/inventory/2025-high-country-trailers-65x10-aluminum-enclosed-cargo-trailer-with-barn-doors-barrington-nh-03825-13669703i', None)",20256.5x10 Aluminum enclosed cargo trailer with barn doorsHigh Country Trailers,"$5,499.00",True,You Save $500.00,2025 High Country Trailers 6.5x10 Aluminum enclosed cargo trailer with barn doors,"5,499.00",True,"Was $5,999.00",Save $500.00 now until 11/30/2026,In Stock,Used,49978,10,6.5,6.083333333333333,,,,,,,,Used,In Stock,One Stop Trailer Shop,white,49978,Excellent,2999,"6' 1""","10' 0""",1619,"6' 6""",,,,,,
"('https://www.onestoptrailershop.com/inventory/2026-nitro-2026-nitro-6x10-enclosed-cargo-trailer-flat-front-with-rear-ramp-side-door-torsion-axle-barrington-nh-03825-13669797i', None)",20262026 Nitro 6x10 enclosed cargo trailer flat front with rear ramp & side door torsion axle,"$6,250.00",True,"You Save $1,013.00",2026 Nitro 2026 Nitro 6x10 enclosed cargo trailer flat front with rear ramp & side door torsion axle,"6,250.00",True,"Was $7,263.00","Save $1,013.00 now until 11/30/2026",In Stock,New,09537,10,6,6.25,,,,,,,,New,In Stock,One Stop Trailer Shop,black,09537,Excellent,2990,"6' 3""","10' 0""",2000,"6' 0""",,,,,,
"('https://www.onestoptrailershop.com/inventory/2026-legend-trailers-7x14-extra-height-cargo-trailer-with-black-out-trim-package-rear-ramp-barrington-nh-03825-13669812i', None)",20267x14 Extra Height Cargo Trailer with black out trim package rear rampLegend Trailers,"$8,999.00",True,You Save $850.00,2026 Legend Trailers 7x14 Extra Height Cargo Trailer with black out trim package rear ramp,"8,999.00",True,"Was $9,849.00",Save $850.00 now until 11/30/2026,In Stock,New,15825,14,7,7,,,,,,,,New,In Stock,One Stop Trailer Shop,black,15825,Excellent,7000,"7' 0""","14' 0""",4668,"7' 0""",,,,,,
"('https://www.onestoptrailershop.com/inventory/2026-legend-trailers-7x16-extra-height-cargo-trailer-with-black-out-package-and-torsion-axles-barrington-nh-03825-13669815i', None)",20267x16 extra height cargo trailer with black out package and torsion axlesLegend Trailers,"$10,249.00",False,,2026 Legend Trailers 7x16 extra height cargo trailer with black out package and torsion axles,"10,249.00",False,,,In Stock,New,15823,16,7,0.5833333333333334,,,,,,,,New,In Stock,One Stop Trailer Shop,white,15823,Excellent,7000,"0' 7""","16' 0""",4553,"7' 0""",,,,,,
"('https://www.onestoptrailershop.com/inventory/2026-anvil-trailers-7x16-extra-height-enclosed-cargo-trailer-black-out-with-e-trac-barrington-nh-03825-13669876i', None)",20267x16 extra height enclosed cargo trailer black out with e tracAnvil Trailers,"$8,650.00",True,"You Save $1,449.00",2026 Anvil Trailers 7x16 extra height enclosed cargo trailer black out with e trac,"8,650.00",True,"Was $10,099.00","Save $1,449.00 now until 11/30/2026",In Stock,New,06219,16,7,7,,,,,,,,New,In Stock,One Stop Trailer Shop,black,06219,Excellent,7000,"7' 0""","16' 0""",,"7' 0""",,,,,,
"('https://www.onestoptrailershop.com/inventory/2026-covered-wagon-7x16-extra-height-cargo-trailer-with-e-trac-and-rear-ramp-barrington-nh-03825-13669885i', None)",20267x16 extra height cargo trailer with e trac and rear rampCovered Wagon,"$8,250.00",True,You Save $949.00,2026 Covered Wagon 7x16 extra height cargo trailer with e trac and rear ramp,"8,250.00",True,"Was $9,199.00",Save $949.00 now until 11/30/2026,In Stock,New,06220,16,7,7,,,,,,,,New,In Stock,One Stop Trailer Shop,charcoal,06220,Excellent,,"7' 0""","16' 0""",,"7' 0""",,,,,,
"('https://www.onestoptrailershop.com/inventory/2024-high-country-trailers-7x14-tilt-utility-trailer-all-aluminum-barrington-nh-03825-13382600i', None)",20247x14 Tilt utility trailer all aluminumHigh Country Trailers,"$4,599.00",True,"You Save $1,000.00",2024 High Country Trailers 7x14 Tilt utility trailer all aluminum,"4,599.00",True,"Was $5,599.00","Save $1,000.00 now until 07/31/2026",In Stock,New,32531,14,7,,,Silver,,,,,,New,In Stock,One Stop Trailer Shop,Silver,32531,Excellent,2999,,"14' 0""",,"7' 0""",,,,,,
"('https://www.onestoptrailershop.com/inventory/2024-high-country-trailers-7x12-flex-haul-tilt-utility-trailer-all-aluminum-barrington-nh-03825-13382601i', None)",20247x12 flex haul tilt utility trailer all aluminumHigh Country Trailers,"$4,299.00",True,"You Save $1,200.00",2024 High Country Trailers 7x12 flex haul tilt utility trailer all aluminum,"4,299.00",True,"Was $5,499.00","Save $1,200.00 now until 07/31/2026",In Stock,New,23116,12,6.75,1.5,,,,,,,,New,In Stock,One Stop Trailer Shop,,23116,Excellent,2999,"1' 6""","12' 0""",2265,"6' 9""",,,,,,
"('https://www.onestoptrailershop.com/inventory/2026-wolverine-6x12-aluminum-utility-trailer-with-ramps-barrington-nh-03825-13670022i', None)",20266x12 aluminum utility trailer with rampsWolverine,"$3,799.00",True,You Save $600.00,2026 Wolverine 6x12 aluminum utility trailer with ramps,"3,799.00",True,"Was $4,399.00",Save $600.00 now until 11/30/2026,In Stock,New,58345,12,6,1.6666666666666665,,,,,,,,New,In Stock,One Stop Trailer Shop,silver,58345,Excellent,2999,"1' 8""","12' 0""",2339,"6' 0""",,,,,,
"('https://www.onestoptrailershop.com/inventory/2025-watchdog-7x14-commercial-grade-dump-trailer-14000lb-gvwr-barrington-nh-03825-13381944i', None)","20257x14 Commercial grade dump trailer 14,000lb gvwrWatchdog","$12,499.00",True,"You Save $1,000.00","2025 Watchdog 7x14 Commercial grade dump trailer 14,000lb gvwr","12,499.00",True,"Was $13,499.00","Save $1,000.00 now until 07/31/2026",In Stock,New,54573,14,7,2,,,,,,,,New,In Stock,One Stop Trailer Shop,Black,54573,Excellent,14000,"2' 0""","14' 0""",10000,"7' 0""",,,,,,
"('https://www.onestoptrailershop.com/inventory/2025-watchdog-7x14-commercial-grade-dump-trailer-14000lb-gvwr-barrington-nh-03825-13381950i', None)","20257x14 Commercial grade dump trailer 14,000lb gvwrWatchdog","$12,499.00",True,"You Save $1,000.00","2025 Watchdog 7x14 Commercial grade dump trailer 14,000lb gvwr","12,499.00",True,"Was $13,499.00","Save $1,000.00 now until 07/31/2026",In Stock,New,54574,14,7,2,,,,,,,,New,In Stock,One Stop Trailer Shop,Black,54574,Excellent,14000,"2' 0""","14' 0""",10000,"7' 0""",,,,,,
"('https://www.onestoptrailershop.com/inventory/2024-extreme-road-trail-xrt418-dump-trailer-55x9-with-with-ramps-tarp-kit-barrington-nh-03825-13382581i', None)",2024xrt418 dump trailer 5.5x9 with with ramps & tarp kitExtreme Road & Trail,"$6,000.00",True,You Save $999.00,2024 Extreme Road & Trail xrt418 dump trailer 5.5x9 with with ramps & tarp kit,"6,000.00",True,"Was $6,999.00",Save $999.00 now until 07/31/2026,In Stock,New,01536,5.5,9,1.5,,,,,,,,New,In Stock,One Stop Trailer Shop,Black,01536,Excellent,5000,"1' 6""","5' 6""",3700,"9' 0""",,,,,,
"('https://www.onestoptrailershop.com/inventory/2024-high-country-trailers-7x14-14k-gvwr-aluminum-dump-trailer-high-sides-barrington-nh-03825-13382611i', None)",20247x14 14k gvwr aluminum dump trailer high sidesHigh Country Trailers,"$18,999.00",True,"You Save $3,000.00",2024 High Country Trailers 7x14 14k gvwr aluminum dump trailer high sides,"18,999.00",True,"Was $21,999.00","Save $3,000.00 now until 07/31/2026",In Stock,New,39332,14,7,4,,,,,,,,New,In Stock,One Stop Trailer Shop,Silver,39332,Excellent,14000,"4' 0""","14' 0""",11840,"7' 0""",,,,,,
"('https://www.onestoptrailershop.com/inventory/2026-quality-steel-aluminum-products-llc-7x14-4-foot-high-side-dump-14000lb-gvwr-barrington-nh-03825-13670240i', None)","20267x14 4 foot high side dump 14,000lb gvwrQuality Steel & Aluminum Products, LLC","$10,499.00",True,"You Save $2,200.00","2026 Quality Steel & Aluminum Products, LLC 7x14 4 foot high side dump 14,000lb gvwr","10,499.00",True,"Was $12,699.00","Save $2,200.00 now until 11/30/2026",In Stock,New,67201,,,,,black,14000,10160,,,,New,In Stock,One Stop Trailer Shop,black,67201,Excellent,14000,,,10160,,,,,,,
"('https://www.onestoptrailershop.com/inventory/2026-quality-steel-aluminum-products-llc-7x14-14000lb-gvwr-dump-trailer-with-2-foot-sides-barrington-nh-03825-13670248i', None)","20267x14 14,000lb gvwr dump trailer with 2 foot sidesQuality Steel & Aluminum Products, LLC","$9,499.00",True,"You Save $1,200.00","2026 Quality Steel & Aluminum Products, LLC 7x14 14,000lb gvwr dump trailer with 2 foot sides","9,499.00",True,"Was $10,699.00","Save $1,200.00 now until 11/30/2026",In Stock,New,67049,14,7,2,,,,,,,,New,In Stock,One Stop Trailer Shop,black,67049,Excellent,14000,"2' 0""","14' 0""",10160,"7' 0""",,,,,,
"('https://www.onestoptrailershop.com/inventory/2026-quality-steel-aluminum-products-llc-7x14-14000lb-gvwr-dump-trailer-barrington-nh-03825-13670261i', None)","20267X14 14,000LB GVWR DUMP TRAILERQuality Steel & Aluminum Products, LLC","$9,499.00",True,"You Save $1,200.00","2026 Quality Steel & Aluminum Products, LLC 7X14 14,000LB GVWR DUMP TRAILER","9,499.00",True,"Was $10,699.00","Save $1,200.00 now until 11/30/2026",In Stock,New,67208,14,7,2,,,,,,,,New,In Stock,One Stop Trailer Shop,black,67208,Excellent,14000,"2' 0""","14' 0""",10160,"7' 0""",,,,,,
"('https://www.onestoptrailershop.com/inventory/2026-quality-steel-aluminum-products-llc-7x14-14000lb-gvwr-dump-trailer-with-2-foot-sides-barrington-nh-03825-13670278i', None)","20267x14 14,000lb gvwr dump trailer with 2 foot sidesQuality Steel & Aluminum Products, LLC","$9,499.00",True,"You Save $1,200.00","2026 Quality Steel & Aluminum Products, LLC 7x14 14,000lb gvwr dump trailer with 2 foot sides","9,499.00",True,"Was $10,699.00","Save $1,200.00 now until 11/30/2026",In Stock,New,67199,14,7,2,,,,,,,,New,In Stock,One Stop Trailer Shop,black,67199,Excellent,14000,"2' 0""","14' 0""",10160,"7' 0""",,,,,,
"('https://www.onestoptrailershop.com/inventory/2026-high-country-trailers-7x16-14000lb-gvwr-dump-trailer-with-ramps-and-tarp-kit-barrington-nh-03825-13751150i', None)",20267x16 14000lb gvwr dump trailer with ramps and tarp kitHigh Country Trailers,"$16,999.00",False,,2026 High Country Trailers 7x16 14000lb gvwr dump trailer with ramps and tarp kit,"16,999.00",False,,,In Stock,New,51188,16,17,,No,,,,,,,New,In Stock,One Stop Trailer Shop,silver,51188,Excellent,14000,,"16' 0""",2650,"17' 0""",,A-Frame,2,No,Aluminum,
"('https://www.onestoptrailershop.com/inventory/2024-nitro-101x12-hybrid-snowmobile-trailer-loaded-barrington-nh-03825-13382614i', None)",2024101x12 hybrid snowmobile trailer loadedNitro,"$6,799.00",True,"You Save $1,200.00",2024 Nitro 101x12 hybrid snowmobile trailer loaded,"6,799.00",True,"Was $7,999.00","Save $1,200.00 now until 07/31/2026",In Stock,New,06092,12 ft. 0 in.,8 ft. 6 in.,,,White,,,,,,New,In Stock,One Stop Trailer Shop,White,06092,Excellent,2999,,"12' 0""",2009,"8' 6""",,,,,,
"('https://www.onestoptrailershop.com/inventory/2026-nitro-101x14-back-country-x-snowmobile-or-atv-trailer-aluminum-hybrid-multisport-trailer-barrington-nh-03825-13670447i', None)",2026101X14 back country x snowmobile or atv trailer aluminum hybrid multisport trailer,"$10,799.00",True,"You Save $1,500.00",2026 Nitro 101X14 back country x snowmobile or atv trailer aluminum hybrid multisport trailer,"10,799.00",True,"Was $12,299.00","Save $1,500.00 now until 11/30/2026",In Stock,New,09597,14 ft. 0 in.,8 ft. 5 in.,6 ft. 7 in.,,,,,,,,New,In Stock,One Stop Trailer Shop,white,09597,Excellent,4400,"6' 7""","14' 0""",3050,"8' 5""",,,,,,
"('https://www.onestoptrailershop.com/inventory/2026-nitro-66x12-hybrid-snowmobile-trailer-with-mats-and-guides-1-place-trailer-barrington-nh-03825-13730879i', None)",202666X12 HYBRID SNOWMOBILE TRAILER WITH MATS AND GUIDES 1 PLACE TRAILER,"$6,399.00",False,,2026 Nitro 66X12 HYBRID SNOWMOBILE TRAILER WITH MATS AND GUIDES 1 PLACE TRAILER,"6,399.00",False,,,In Stock,New,09926,12 ft. 0 in.,,,No,,,,Single Axle,,,New,In Stock,One Stop Trailer Shop,CHARCOAL,09926,Excellent,,,"12' 0""",,,SILVER,A-Frame,1,No,Aluminum,
"('https://www.onestoptrailershop.com/inventory/2026-nitro-75x22-xps-4-place-aluminum-snowmobile-trailer-extra-height-will-fit-sxs-utvs-barrington-nh-03825-13734153i', None)",20267.5x22 Xps 4 place aluminum snowmobile trailer extra height will fit sxs utvsNitro,"$18,599.00",False,,2026 Nitro 7.5x22 Xps 4 place aluminum snowmobile trailer extra height will fit sxs utvs,"18,599.00",False,,,In Stock,New,40110,22 ft. 0 in.,7 ft. 6 in.,,No,,,,,,,New,In Stock,One Stop Trailer Shop,White,40110,Excellent,7000,,"22' 0""",4400,"7' 6""",Black,A-Frame,2,No,Aluminum,
"('https://www.onestoptrailershop.com/inventory/2026-high-country-trailers-65x18-aluminum-utility-trailer-with-aluminum-floor-bi-fold-gates-barrington-nh-03825-13799807i', None)",20266.5X18 ALUMINUM UTILITY TRAILER WITH ALUMINUM FLOOR & BI FOLD GATESHigh Country Trailers,"$7,999.00",False,,2026 High Country Trailers 6.5X18 ALUMINUM UTILITY TRAILER WITH ALUMINUM FLOOR & BI FOLD GATES,"7,999.00",False,,,In Stock,New,42301,18 ft. 0 in.,6 ft. 6 in.,,,,,,Dual Axle,,,New,In Stock,One Stop Trailer Shop,SILVER,42301,Excellent,6000,,"18' 0""",1590,"6' 6""",SILVER,A-Frame,2,No,Aluminum,
"('https://www.onestoptrailershop.com/inventory/2026-high-country-trailers-65x14-aluminum-utility-trailer-dual-axle-with-atv-ramp-kit-barrington-nh-03825-13799828i', None)",20266.5x14 aluminum utility trailer dual axle with atv ramp kitHigh Country Trailers,"$5,799.00",False,,2026 High Country Trailers 6.5x14 aluminum utility trailer dual axle with atv ramp kit,"5,799.00",False,,,In Stock,New,51362,14 ft. 0 in.,6 ft. 6 in.,,,,,,Dual Axle,,,New,In Stock,One Stop Trailer Shop,silver,51362,Excellent,6000,,"14' 0""",,"6' 6""",silver,A-Frame,2,No,Aluminum,
"('https://www.onestoptrailershop.com/inventory/2025-venture-trailers-18-22-foot-pontoon-trailer-galvanized-barrington-nh-03825-13382540i', None)",202518-22 foot pontoon trailer galvanizedVenture Trailers,"$3,699.00",True,You Save $600.00,2025 Venture Trailers 18-22 foot pontoon trailer galvanized,"3,699.00",True,"Was $4,299.00",Save $600.00 now until 07/31/2026,In Stock,New,00028,22 ft. 0 in.,8 ft. 6 in.,2 ft. 0 in.,,,,,,,,New,In Stock,One Stop Trailer Shop,Gray,00028,Excellent,3500,"2' 0""","22' 0""",,"8' 6""",,,,,,
"('https://www.onestoptrailershop.com/inventory/2026-covered-wagon-5x10-enclosed-trailer-with-barn-doors-and-extra-height-barrington-nh-03825-13710765i', None)",20265x10 enclosed trailer with barn doors and extra heightCovered Wagon,"$3,999.00",False,,2026 Covered Wagon 5x10 enclosed trailer with barn doors and extra height,"3,999.00",False,,,In Stock,New,06227,10 ft. 0 in.,,66 ft. 0 in.,,,,,Enclosed,,,New,In Stock,One Stop Trailer Shop,Pewter,06227,Excellent,2999,"66' 0""","10' 0""",2000,"5' 0""",silver,A-Frame,1,,Steel,
"('https://www.onestoptrailershop.com/inventory/2026-covered-wagon-85x16-extra-height-enclosed-cargo-trailer-with-wall-e-trac-and-poly-core-siding-rear-ramp-door-barrington-nh-03825-13714065i', None)",20268.5x16 extra height enclosed cargo trailer with wall e trac and poly core siding rear ramp door,"$9,699.00",False,,2026 Covered Wagon 8.5x16 extra height enclosed cargo trailer with wall e trac and poly core siding rear ramp door,"9,699.00",False,,,In Stock,,06223,16 ft. 0 in.,102 ft. 0 in.,90 ft. 0 in.,,,,,Enclosed,,,,In Stock,One Stop Trailer Shop,Blue,06223,Excellent,,"90' 0""","16' 0""",4500,"102' 0""",silver,A-Frame,2,,,
"('https://www.onestoptrailershop.com/inventory/2026-anvil-trailers-85x20-enclosed-car-trailer-extra-height-9990lb-gvwr-charcoal-grey-barrington-nh-03825-13720838i', None)",20268.5x20 enclosed car trailer extra height 9990lb gvwr charcoal greyAnvil Trailers,"$10,599.00",False,,2026 Anvil Trailers 8.5x20 enclosed car trailer extra height 9990lb gvwr charcoal grey,"10,599.00",False,,,In Stock,New,40887,20 ft. 0 in.,,7 ft. 0 in.,,,,,Enclosed,,,New,In Stock,One Stop Trailer Shop,charcoal,40887,Excellent,9990,"7' 0""","20' 0""",6600,"8' 6""",silver,A-Frame,2,,Steel,
"('https://www.onestoptrailershop.com/inventory/2026-nitro-85x20-extra-height-aluminum-trailer-9990lb-gvwr-with-black-out-trim-package-barrington-nh-03825-13721180i', None)",20268.5x20 extra height aluminum trailer 9990lb gvwr with black out trim package,"$14,899.00",False,,2026 Nitro 8.5x20 extra height aluminum trailer 9990lb gvwr with black out trim package,"14,899.00",False,,,In Stock,,09841,20 ft. 0 in.,8 ft. 6 in.,7 ft. 4 in.,,,,,Enclosed,,,,In Stock,One Stop Trailer Shop,charcoal,09841,Excellent,9990,"7' 4""","20' 0""",7925,"8' 6""",black,A-Frame,2,No,Aluminum,
"('https://www.onestoptrailershop.com/inventory/2026-high-country-trailers-85x12-extra-height-enclosed-aluminum-trailer-loaded-with-upgrades-barrington-nh-03825-13751411i', None)",20268.5x12 extra height enclosed aluminum trailer loaded with upgrades,"$10,999.00",False,,2026 High Country Trailers 8.5x12 extra height enclosed aluminum trailer loaded with upgrades,"10,999.00",False,,,In Stock,New,24358,12 ft. 0 in.,,7 ft. 1 in.,,,,,Enclosed,,,New,In Stock,One Stop Trailer Shop,white,24358,Excellent,7000,"7' 1""","12' 0""",2000,"8' 6""",silver,A-Frame,2,No,Aluminum,
"('https://www.onestoptrailershop.com/inventory/2024-quality-steel-aluminum-products-llc-102x26-deck-over-power-tilt-equipment-trailer-140-barrington-nh-03825-13382609i', None)","2024102x26 deck over power tilt equipment trailer 14,0Quality Steel & Aluminum Products, LLC","$11,299.00",True,"You Save $1,750.00","2024 Quality Steel & Aluminum Products, LLC 102x26 deck over power tilt equipment trailer 14,0","11,299.00",True,"Was $13,049.00","Save $1,750.00 now until 07/31/2026",In Stock,New,42962,26 ft. 0 in.,8 ft. 6 in.,2 ft. 6 in.,,,,,,,,New,In Stock,One Stop Trailer Shop,Black,42962,Excellent,14000,"2' 6""","26' 0""",10520,"8' 6""",,,,,,
"('https://www.onestoptrailershop.com/inventory/2026-quality-steel-aluminum-products-llc-7x20-14000lb-gvwr-equipment-trailer-power-tilt-barrington-nh-03825-13670315i', None)","20267x20 14,000lb gvwr equipment trailer power tiltQuality Steel & Aluminum Products, LLC","$8,799.00",True,"You Save $1,500.00","2026 Quality Steel & Aluminum Products, LLC 7x20 14,000lb gvwr equipment trailer power tilt","8,799.00",True,"Was $10,299.00","Save $1,500.00 now until 11/30/2026",In Stock,New,53293,20 ft. 0 in.,6 ft. 11 in.,1 ft. 8 in.,,,,,,,,New,In Stock,One Stop Trailer Shop,black,53293,Excellent,14000,"1' 8""","20' 0""",11160,"6' 11""",,,,,,
